comuna;superficie
1101;18,584073781009895
1107;23,996618883357602
1401;9,191796700879268
1404;0,551220909747493
1405;2,966948984594874
2101;55,095647895750574
2102;4,775367533160384
2104;3,446321845017950
2201;33,171040492709473
2203;2,082191229501717
2301;5,485988228978909
2302;2,220265833068157
3101;27,298437908800519
3102;6,380243112086522
3103;2,645672751032452
3201;2,886067837233214
3202;4,118551967782743
3301;8,987113026626592
3303;1,634594831792639
3304;2,892027992263400
4101;47,249294817552730
4102;58,969276839779440
4103;3,149757035037249
4104;1,067187790124463
4106;4,309631079686118
4201;4,845181536095686
4202;1,979258742216143
4203;11,287024735992382
4204;6,789643047520297
4301;15,762550597443756
4302;1,893181372577581
4303;4,197888416618361
4304;3,134363961780385
5101;53,314325511876667
5102;3,204206146145198
5103;11,943309419093369
5105;23,450244753731905
5107;7,353311239029731
5109;64,495537332538873
5201;16,740949192438059
5301;10,414024769776006
5302;4,144744929720949
5303;3,165040143270434
5304;2,712620067517543
5401;6,695693415525011
5402;2,731979521271532
5403;4,885630354808028
5404;2,844225937391851
5405;10,835524187868762
5501;11,210239464847087
5502;9,971612524102602
5503;7,857077518622515
5504;6,117717560816913
5506;5,189995531368340
5601;20,546546312038153
5602;11,455647427483630
5603;9,782138003110584
5604;13,238536515352509
5605;18,314109592516754
5606;7,673116446841205
5701;11,107256017899820
5702;3,175892534800687
5703;4,151038345111399
5704;1,673221858069685
5705;5,979336631607807
5706;4,276957930411433
5801;26,343395597092446
5802;14,896477315659018
5803;13,058448563693361
5804;19,351631680287596
6101;38,437680812100012
6102;3,829492436882532
6103;3,704485770778130
6104;8,900237807543496
6105;8,896358868539423
6106;4,912333112262411
6107;5,639080076190210
6108;24,279307029705489
6109;4,550218050718842
6110;9,048748624468537
6111;5,698209017301025
6112;5,953212525242618
6113;5,079853687996470
6114;5,334192571849974
6115;13,250209862001849
6116;7,046354169113139
6117;12,321274401202684
6201;9,172758037661005
6202;0,821369904567508
6203;1,679209207874700
6204;1,414285227564865
6205;1,825405634475580
6206;1,183215351691433
6301;17,187639823914797
6302;6,095066039951782
6303;15,126458719704038
6304;2,147793311777478
6305;3,371638906856973
6306;1,717470514747855
6307;2,376201593572357
6308;1,206862519263725
6310;5,767978112249308
7101;43,017245012119758
7102;10,571365914476308
7103;1,380133323300330
7104;1,071500412530896
7105;8,867290558851703
7106;0,788375922689114
7107;1,234061073963362
7108;1,411137754198439
7109;6,931433745803796
7110;1,709190769101050
7201;6,561332510350132
7202;1,115211112118395
7203;4,590859529461436
7301;26,379445807581714
7302;1,558219853741683
7303;5,566929863890279
7304;6,393458906337995
7305;1,144106456308091
7306;2,548900789006511
7307;3,908424165346883
7308;2,679485471232348
7309;0,769362002881144
7401;17,072935058460548
7402;3,784250101101868
7403;4,494804836211580
7404;6,406056334522632
7405;2,374547800843797
7406;9,597930844193600
7407;3,250024484688820
7408;4,380968034095893
8101;37,385041726813476
8102;36,762751588445703
8103;16,966280030938368
8104;2,256704446364713
8105;6,210969870925082
8106;8,529668080084869
8107;10,721570498729321
8108;33,137196469397779
8109;2,938729256193645
8110;43,436626155869973
8111;17,280312034272690
8112;13,525523377662683
8201;7,508752482511023
8202;11,371823309162830
8203;4,576253474390884
8204;0,827947599844410
8205;7,684161344167124
8206;7,709375033173533
8207;1,082297917078113
8301;30,829809032203315
8302;1,266303779368431
8303;5,027318332931956
8304;4,474532566807879
8305;4,924443515805772
8306;6,849288633138494
8307;1,989991742967187
8308;1,436640106290351
8309;2,827005257369365
8310;1,107835121209449
8311;2,213692713744616
8312;6,046802675516065
8313;5,068509657829130
9101;46,584440792349952
9102;4,052249648848201
9103;4,813068498119953
9104;1,152885542499486
9105;1,865915915568557
9106;1,084581720816271
9107;3,656461759465930
9108;6,940157457251475
9109;4,569587502138695
9110;1,311162182375007
9111;3,705452140281256
9112;6,499788595081886
9113;1,609078982714937
9114;4,343041397224727
9115;11,388738443653764
9116;1,851057665574731
9117;2,944154803826822
9118;1,135077726124529
9119;5,211927641345242
9120;11,762682326924105
9121;1,609932947620860
9201;12,980387644916123
9202;3,622569539468341
9203;4,133662715927707
9204;2,210253201148290
9205;1,563310284314973
9206;1,919218441534570
9207;2,117678417801041
9208;2,420434154047752
9209;2,178249851201051
9210;4,411369719154099
9211;7,002289778781780
10101;45,523646075227646
10102;5,370409641398123
10104;2,845439262555374
10105;5,272146289422687
10106;3,899424895903906
10107;3,555034658907270
10108;3,437892942305354
10109;5,915071776126856
10201;8,948903107309579
10202;6,685183309502703
10203;2,531610573659507
10205;1,819086074398346
10207;1,807449264883090
10208;5,380116051049775
10209;1,639744384157994
10210;1,663854121371642
10301;27,292690303285838
10302;1,018641462715450
10303;3,415826283390721
10304;1,785166987261644
10305;1,937054833601557
10307;1,277911195726603
10401;1,609364948699713
10402;1,062311129223642
10403;2,880092875950354
10404;0,742053011052912
11101;8,999911503387130
11201;8,271309308370917
11202;1,544214289147895
11203;1,018286459312255
11301;1,348946424918531
11401;1,085767501010400
12101;28,691576285794586
12201;0,623745419508064
12301;2,215819996871347
12401;5,023003671742186
13101;19,677337742579127
13102;15,163368422248707
13103;9,759884666497616
13104;9,588077428933774
13105;12,725226187710868
13106;12,683808184901233
13107;20,220487111976986
13108;6,392027834927086
13109;8,808556612185123
13110;37,623275347155314
13111;8,736493737010889
13112;28,435324118493128
13113;18,828986886091450
13114;40,529413438738551
13115;45,908908223956047
13116;7,188632954380885
13117;5,682058945213972
13118;11,275294621938555
13119;50,921974715223257
13120;14,696273357331572
13121;7,520987740022395
13122;32,285318922402993
13123;12,375008686180564
13124;17,590953145880203
13125;38,272141618375230
13126;10,367295598783853
13127;13,995233024602008
13128;21,318879453533832
13129;8,658027019876702
13130;8,458382175396968
13131;5,447754422307744
13132;25,351012666015333
13201;67,894730603333002
13202;8,209971422827710
13203;8,713725893485158
13301;37,428212567641772
13302;26,666523228187980
13303;5,857995916964091
13401;51,884223961178662
13402;20,148194758536192
13403;2,402842654095119
13404;14,925646466399304
13501;19,153756804338411
13502;3,025393474214515
13503;4,096513581737303
13504;4,032867447020132
13601;9,289754848227082
13602;11,175187412611837
13603;7,915343283415590
13604;12,204840374322140
13605;11,214497991965338
14101;34,161999568196450
14102;1,463662645454865
14103;3,264718490943148
14104;3,432116630273888
14105;1,534326463732654
14106;1,644481184253419
14107;3,167956541133993
14108;5,123493910575148
14201;7,579046372186895
14202;2,337726516585932
14203;1,095584296087890
14204;4,325860991992672
15101;37,450927681446835
15201;0,614920827161077
16101;33,001765948937987
16102;4,690372897387939
16103;5,573509560333781
16104;2,340304589824685
16105;2,027414683701411
16106;6,116508121192402
16107;8,318438245822730
16108;3,733065508538597
16109;9,610890144443097
16201;2,801759504804663
16202;0,891740529860422
16203;3,262731390888703
16204;0,898308685099391
16205;0,821182359271675
16206;0,892879362396288
16207;1,530371093501158
16301;8,351678006034938
16302;3,123458016245277
16303;0,857002577756591
16304;2,111098124755197
16305;2,062769617445356
